lon,lat,avg_wind_speed,city,day,hour
-122.04,37.37,4.6,"Group 1 Bay",4,19
-122.04,37.37,4.6,"Group 1 Bay",4,20
-122.04,37.37,3.35,"Group 1 Bay",4,21
-122.04,37.37,2.061666666666667,"Group 1 Bay",4,22
-122.04,37.37,3.534,"Group 1 Bay",4,23
-122.04,37.37,2.6,"Group 1 Bay",5,0
-122.04,37.37,3.016666666666667,"Group 1 Bay",5,1
-122.04,37.37,1.9833333333333334,"Group 1 Bay",5,2
-122.04,37.37,2.023333333333333,"Group 1 Bay",5,3
-122.04,37.37,2.2999999999999994,"Group 1 Bay",5,4
-122.04,37.37,2.2466666666666666,"Group 1 Bay",5,5
-122.04,37.37,2.27,"Group 1 Bay",5,6
-122.04,37.37,1.5,"Group 1 Bay",5,7
-122.04,37.37,3.0499999999999994,"Group 1 Bay",5,8
-122.04,37.37,5.933333333333334,"Group 1 Bay",5,9
-122.04,37.37,4.12,"Group 1 Bay",5,10
-122.04,37.37,3.6,"Group 1 Bay",5,11
-122.04,37.37,5.666666666666667,"Group 1 Bay",5,12
-122.04,37.37,7.366666666666667,"Group 1 Bay",5,13
-122.04,37.37,8.033333333333333,"Group 1 Bay",5,14
-122.04,37.37,8.533333333333333,"Group 1 Bay",5,15
-122.04,37.37,8.7,"Group 1 Bay",5,16
-122.04,37.37,7.7,"Group 1 Bay",5,17
-122.04,37.37,6.2,"Group 1 Bay",5,19
-122.04,37.37,5.1,"Group 1 Bay",5,21
-122.04,37.37,3.6,"Group 1 Bay",5,22
-122.04,37.37,2.1,"Group 1 Bay",6,0
-122.04,37.37,1.35,"Group 1 Bay",6,2
-122.04,37.37,1.07,"Group 1 Bay",6,3
-122.04,37.37,1.04,"Group 1 Bay",6,5
-122.04,37.37,1.35,"Group 1 Bay",6,7
-122.04,37.37,2.69,"Group 1 Bay",6,8
-122.04,37.37,2.1,"Group 1 Bay",6,10
-122.04,37.37,2.6,"Group 1 Bay",6,12
-122.04,37.37,7.2,"Group 1 Bay",6,13
-122.04,37.37,8.2,"Group 1 Bay",6,15
-122.04,37.37,6.7,"Group 1 Bay",6,17
-122.04,37.37,7.7,"Group 1 Bay",6,18
-122.04,37.37,5.1,"Group 1 Bay",6,20
-122.04,37.37,0.45,"Group 1 Bay",6,22
-122.04,37.37,4.1,"Group 1 Bay",6,23
-122.04,37.37,4.1,"Group 1 Bay",7,1
-122.04,37.37,2.6,"Group 1 Bay",7,3
-122.04,37.37,3.6,"Group 1 Bay",7,4
-122.04,37.37,2.6,"Group 1 Bay",7,6
-122.04,37.37,3.6,"Group 1 Bay",7,8
-122.04,37.37,6.2,"Group 1 Bay",7,9
-122.04,37.37,8.7,"Group 1 Bay",7,11
-122.04,37.37,7.7,"Group 1 Bay",7,13
-122.04,37.37,8.7,"Group 1 Bay",7,14
-122.04,37.37,8.2,"Group 1 Bay",7,15
-122.04,37.37,9.3,"Group 1 Bay",7,16
-122.04,37.37,8.7,"Group 1 Bay",7,17
-122.036,37.3688,8.7,"Group 1 Bay",7,18
-122.036,37.3688,9.3,"Group 1 Bay",7,19
-122.036,37.3688,9.8,"Group 1 Bay",7,20
-117.2,32.93,3.6,"Group 1 San Diego",4,19
-117.2,32.93,2.4,"Group 1 San Diego",4,20
-117.2,32.93,2.1,"Group 1 San Diego",4,21
-117.2,32.93,2.5166666666666666,"Group 1 San Diego",4,22
-117.2,32.93,2.1,"Group 1 San Diego",4,23
-117.2,32.93,2.1,"Group 1 San Diego",5,0
-117.2,32.93,2.1,"Group 1 San Diego",5,1
-117.2,32.93,2.1,"Group 1 San Diego",5,2
-117.2,32.93,2.1,"Group 1 San Diego",5,3
-117.2,32.93,2.9333333333333336,"Group 1 San Diego",5,4
-117.2,32.93,1.7,"Group 1 San Diego",5,5
-117.2,32.93,2.3,"Group 1 San Diego",5,6
-117.2,32.93,1.8,"Group 1 San Diego",5,7
-117.2,32.93,2.35,"Group 1 San Diego",5,8
-117.2,32.93,2.3,"Group 1 San Diego",5,9
-117.2,32.93,2.6833333333333336,"Group 1 San Diego",5,10
-117.2,32.93,4.430000000000001,"Group 1 San Diego",5,11
-117.2,32.93,4.565,"Group 1 San Diego",5,12
-117.2,32.93,3.35,"Group 1 San Diego",5,13
-117.2,32.93,4.766666666666667,"Group 1 San Diego",5,14
-117.2,32.93,5.6000000000000005,"Group 1 San Diego",5,15
-117.2,32.93,5.7,"Group 1 San Diego",5,16
-117.2,32.93,2.24,"Group 1 San Diego",5,17
-117.2,32.93,4.1,"Group 1 San Diego",5,19
-117.2,32.93,3.1,"Group 1 San Diego",5,21
-117.2,32.93,2.1,"Group 1 San Diego",5,22
-117.2,32.93,2.1,"Group 1 San Diego",6,0
-117.2,32.93,1.5,"Group 1 San Diego",6,2
-117.2,32.93,1.5,"Group 1 San Diego",6,3
-117.2,32.93,2.87,"Group 1 San Diego",6,5
-117.2,32.93,1.5,"Group 1 San Diego",6,7
-117.2,32.93,2.1,"Group 1 San Diego",6,8
-117.2,32.93,2.6,"Group 1 San Diego",6,10
-117.2,32.93,4.1,"Group 1 San Diego",6,12
-117.2,32.93,5.7,"Group 1 San Diego",6,13
-117.2,32.93,2.1,"Group 1 San Diego",6,15
-117.2,32.93,3.6,"Group 1 San Diego",6,17
-117.2,32.93,5.1,"Group 1 San Diego",6,18
-117.2,32.93,2.6,"Group 1 San Diego",6,20
-117.2,32.93,2.6,"Group 1 San Diego",6,22
-117.2,32.93,1.5,"Group 1 San Diego",6,23
-117.2,32.93,2.1,"Group 1 San Diego",7,1
-117.2,32.93,1.5,"Group 1 San Diego",7,3
-117.2,32.93,1.5,"Group 1 San Diego",7,4
-117.2,32.93,2.1,"Group 1 San Diego",7,6
-117.2,32.93,1.5,"Group 1 San Diego",7,8
-117.2,32.93,2.6,"Group 1 San Diego",7,9
-117.2,32.93,1.5,"Group 1 San Diego",7,11
-117.2,32.93,3.1,"Group 1 San Diego",7,13
-117.2,32.93,3.6,"Group 1 San Diego",7,14
-117.2,32.93,5.7,"Group 1 San Diego",7,15
-117.2,32.93,4.6,"Group 1 San Diego",7,16
-117.2,32.93,5.1,"Group 1 San Diego",7,17
-117.195,32.9269,5.1,"Group 1 San Diego",7,17
-117.195,32.9269,5.1,"Group 1 San Diego",7,18
-117.195,32.9269,2.24,"Group 1 San Diego",7,19
-117.195,32.9269,4.6,"Group 1 San Diego",7,20
-117.22,32.87,3.6,"Group 10 San Diego",4,19
-117.22,32.87,2.3,"Group 10 San Diego",4,20
-117.22,32.87,2.2666666666666666,"Group 10 San Diego",4,21
-117.22,32.87,2.5166666666666666,"Group 10 San Diego",4,22
-117.22,32.87,2.1,"Group 10 San Diego",4,23
-117.22,32.87,2.1,"Group 10 San Diego",5,0
-117.22,32.87,2.1,"Group 10 San Diego",5,1
-117.22,32.87,2.1,"Group 10 San Diego",5,2
-117.22,32.87,2.1,"Group 10 San Diego",5,3
-117.22,32.87,2.9333333333333336,"Group 10 San Diego",5,4
-117.22,32.87,1.7,"Group 10 San Diego",5,5
-117.22,32.87,2.3,"Group 10 San Diego",5,6
-117.22,32.87,1.8,"Group 10 San Diego",5,7
-117.22,32.87,2.35,"Group 10 San Diego",5,8
-117.22,32.87,2.3,"Group 10 San Diego",5,9
-117.22,32.87,2.6,"Group 10 San Diego",5,10
-117.22,32.87,4.3133333333333335,"Group 10 San Diego",5,11
-117.22,32.87,4.61,"Group 10 San Diego",5,12
-117.22,32.87,3.35,"Group 10 San Diego",5,13
-117.22,32.87,4.766666666666667,"Group 10 San Diego",5,14
-117.22,32.87,5.6000000000000005,"Group 10 San Diego",5,15
-117.22,32.87,5.7,"Group 10 San Diego",5,16
-117.22,32.87,3.1,"Group 10 San Diego",5,17
-117.22,32.87,4.1,"Group 10 San Diego",5,19
-117.22,32.87,3.1,"Group 10 San Diego",5,21
-117.22,32.87,2.1,"Group 10 San Diego",5,22
-117.22,32.87,2.1,"Group 10 San Diego",6,0
-117.22,32.87,1.5,"Group 10 San Diego",6,2
-117.22,32.87,1.5,"Group 10 San Diego",6,3
-117.22,32.87,3.06,"Group 10 San Diego",6,5
-117.22,32.87,1.5,"Group 10 San Diego",6,7
-117.22,32.87,2.1,"Group 10 San Diego",6,8
-117.22,32.87,2.6,"Group 10 San Diego",6,10
-117.22,32.87,4.1,"Group 10 San Diego",6,12
-117.22,32.87,5.7,"Group 10 San Diego",6,13
-117.22,32.87,2.1,"Group 10 San Diego",6,15
-117.22,32.87,3.6,"Group 10 San Diego",6,17
-117.22,32.87,5.1,"Group 10 San Diego",6,18
-117.22,32.87,2.6,"Group 10 San Diego",6,20
-117.22,32.87,2.6,"Group 10 San Diego",6,22
-117.22,32.87,1.5,"Group 10 San Diego",6,23
-117.22,32.87,2.1,"Group 10 San Diego",7,1
-117.22,32.87,1.5,"Group 10 San Diego",7,3
-117.22,32.87,1.5,"Group 10 San Diego",7,4
-117.22,32.87,2.1,"Group 10 San Diego",7,6
-117.22,32.87,1.5,"Group 10 San Diego",7,8
-117.22,32.87,2.6,"Group 10 San Diego",7,9
-117.22,32.87,1.5,"Group 10 San Diego",7,11
-117.22,32.87,3.1,"Group 10 San Diego",7,13
-117.22,32.87,3.6,"Group 10 San Diego",7,14
-117.22,32.87,5.7,"Group 10 San Diego",7,15
-117.22,32.87,4.6,"Group 10 San Diego",7,16
-117.22,32.87,5.1,"Group 10 San Diego",7,17
-117.218,32.8741,5.1,"Group 10 San Diego",7,18
-117.218,32.8741,6.2,"Group 10 San Diego",7,19
-117.218,32.8741,4.6,"Group 10 San Diego",7,20
-117.22,32.87,3.6,"Group 11 San Diego",4,19
-117.22,32.87,2.3000000000000003,"Group 11 San Diego",4,20
-117.22,32.87,2.266666666666667,"Group 11 San Diego",4,21
-117.22,32.87,2.516666666666667,"Group 11 San Diego",4,22
-117.22,32.87,2.1000000000000005,"Group 11 San Diego",4,23
-117.22,32.87,2.1000000000000005,"Group 11 San Diego",5,0
-117.22,32.87,2.1000000000000005,"Group 11 San Diego",5,1
-117.22,32.87,2.1000000000000005,"Group 11 San Diego",5,2
-117.22,32.87,2.1000000000000005,"Group 11 San Diego",5,3
-117.22,32.87,2.933333333333334,"Group 11 San Diego",5,4
-117.22,32.87,1.7000000000000002,"Group 11 San Diego",5,5
-117.22,32.87,2.3000000000000003,"Group 11 San Diego",5,6
-117.22,32.87,1.8,"Group 11 San Diego",5,7
-117.22,32.87,2.3500000000000005,"Group 11 San Diego",5,8
-117.22,32.87,2.3000000000000003,"Group 11 San Diego",5,9
-117.22,32.87,2.6000000000000005,"Group 11 San Diego",5,10
-117.22,32.87,4.313333333333333,"Group 11 San Diego",5,11
-117.22,32.87,4.61,"Group 11 San Diego",5,12
-117.22,32.87,3.350000000000001,"Group 11 San Diego",5,13
-117.22,32.87,4.7666666666666675,"Group 11 San Diego",5,14
-117.22,32.87,5.600000000000001,"Group 11 San Diego",5,15
-117.22,32.87,5.7,"Group 11 San Diego",5,16
-117.22,32.87,3.1,"Group 11 San Diego",5,17
-117.22,32.87,4.1,"Group 11 San Diego",5,19
-117.22,32.87,3.1,"Group 11 San Diego",5,21
-117.22,32.87,2.1,"Group 11 San Diego",5,22
-117.22,32.87,2.1,"Group 11 San Diego",6,0
-117.22,32.87,1.5,"Group 11 San Diego",6,2
-117.22,32.87,1.5,"Group 11 San Diego",6,3
-117.22,32.87,3.06,"Group 11 San Diego",6,5
-117.22,32.87,1.5,"Group 11 San Diego",6,7
-117.22,32.87,2.1,"Group 11 San Diego",6,8
-117.22,32.87,2.6,"Group 11 San Diego",6,10
-117.22,32.87,4.1,"Group 11 San Diego",6,12
-117.22,32.87,5.7,"Group 11 San Diego",6,13
-117.22,32.87,2.1,"Group 11 San Diego",6,15
-117.22,32.87,3.6,"Group 11 San Diego",6,17
-117.22,32.87,5.1,"Group 11 San Diego",6,18
-117.22,32.87,2.6,"Group 11 San Diego",6,20
-117.22,32.87,2.6,"Group 11 San Diego",6,22
-117.22,32.87,1.5,"Group 11 San Diego",6,23
-117.22,32.87,2.1,"Group 11 San Diego",7,1
-117.22,32.87,1.5,"Group 11 San Diego",7,3
-117.22,32.87,1.5,"Group 11 San Diego",7,4
-117.22,32.87,2.1,"Group 11 San Diego",7,6
-117.22,32.87,1.5,"Group 11 San Diego",7,8
-117.22,32.87,2.6,"Group 11 San Diego",7,9
-117.22,32.87,1.5,"Group 11 San Diego",7,11
-117.22,32.87,3.1,"Group 11 San Diego",7,13
-117.22,32.87,3.6000000000000005,"Group 11 San Diego",7,14
-117.22,32.87,5.7,"Group 11 San Diego",7,15
-117.22,32.87,4.6,"Group 11 San Diego",7,16
-117.22,32.87,5.1,"Group 11 San Diego",7,17
-117.218,32.869,5.1,"Group 11 San Diego",7,18
-117.218,32.869,6.2,"Group 11 San Diego",7,19
-117.218,32.869,4.6,"Group 11 San Diego",7,20
-117.217,32.8711,5.1,"Group 11 San Diego",7,18
-117.217,32.8711,6.2,"Group 11 San Diego",7,19
-117.217,32.8711,4.6,"Group 11 San Diego",7,20
-122.26,37.74,7.2,"Group 12 Bay",4,19
-122.26,37.74,6.2,"Group 12 Bay",4,20
-122.26,37.74,6.2,"Group 12 Bay",4,21
-122.26,37.74,5.066666666666667,"Group 12 Bay",4,22
-122.26,37.74,3.6,"Group 12 Bay",4,23
-122.26,37.74,3.4333333333333336,"Group 12 Bay",5,0
-122.26,37.74,4.45,"Group 12 Bay",5,1
-122.26,37.74,3.0999999999999996,"Group 12 Bay",5,2
-122.26,37.74,2.9333333333333336,"Group 12 Bay",5,3
-122.26,37.74,3.1,"Group 12 Bay",5,4
-122.26,37.74,5.8500000000000005,"Group 12 Bay",5,5
-122.26,37.74,5.683333333333334,"Group 12 Bay",5,6
-122.26,37.74,6.866666666666667,"Group 12 Bay",5,7
-122.26,37.74,7.366666666666667,"Group 12 Bay",5,8
-122.26,37.74,7.400000000000001,"Group 12 Bay",5,9
-122.26,37.74,8.2,"Group 12 Bay",5,10
-122.26,37.74,7.783333333333334,"Group 12 Bay",5,11
-122.26,37.74,7.366666666666667,"Group 12 Bay",5,12
-122.26,37.74,7.95,"Group 12 Bay",5,13
-122.26,37.74,9.950000000000001,"Group 12 Bay",5,14
-122.26,37.74,9.166666666666666,"Group 12 Bay",5,15
-122.26,37.74,10.3,"Group 12 Bay",5,16
-122.26,37.74,8.2,"Group 12 Bay",5,17
-122.26,37.74,6.7,"Group 12 Bay",5,19
-122.26,37.74,7.2,"Group 12 Bay",5,21
-122.26,37.74,6.2,"Group 12 Bay",5,22
-122.26,37.74,4.1,"Group 12 Bay",6,0
-122.26,37.74,6.7,"Group 12 Bay",6,2
-122.26,37.74,5.1,"Group 12 Bay",6,3
-122.26,37.74,8.2,"Group 12 Bay",6,5
-122.26,37.74,6.2,"Group 12 Bay",6,7
-122.26,37.74,7.2,"Group 12 Bay",6,8
-122.26,37.74,6.7,"Group 12 Bay",6,10
-122.26,37.74,10.8,"Group 12 Bay",6,12
-122.26,37.74,11.3,"Group 12 Bay",6,13
-122.26,37.74,8.2,"Group 12 Bay",6,15
-122.26,37.74,11.3,"Group 12 Bay",6,17
-122.26,37.74,9.3,"Group 12 Bay",6,18
-122.26,37.74,7.2,"Group 12 Bay",6,20
-122.26,37.74,5.1,"Group 12 Bay",6,22
-122.26,37.74,8.2,"Group 12 Bay",6,23
-122.26,37.74,8.7,"Group 12 Bay",7,1
-122.26,37.74,8.7,"Group 12 Bay",7,3
-122.26,37.74,4.6,"Group 12 Bay",7,4
-122.26,37.74,3.1,"Group 12 Bay",7,6
-122.26,37.74,4.6,"Group 12 Bay",7,8
-122.26,37.74,7.2,"Group 12 Bay",7,9
-122.26,37.74,8.7,"Group 12 Bay",7,11
-122.26,37.74,8.2,"Group 12 Bay",7,13
-122.26,37.74,9.8,"Group 12 Bay",7,14
-122.26,37.74,9.8,"Group 12 Bay",7,15
-122.26,37.74,9.3,"Group 12 Bay",7,16
-122.26,37.74,10.8,"Group 12 Bay",7,17
-122.259,37.7423,10.8,"Group 12 Bay",7,18
-122.259,37.7423,8.7,"Group 12 Bay",7,19
-122.259,37.7423,8.7,"Group 12 Bay",7,20
-117.233,32.8584,5.1,"Group 12 San Diego",7,18
-117.233,32.8584,6.2,"Group 12 San Diego",7,19
-117.233,32.8584,4.6,"Group 12 San Diego",7,20
-117.23,32.86,3.6,"Group 12 San Diego",4,19
-117.23,32.86,2.3,"Group 12 San Diego",4,20
-117.23,32.86,2.2666666666666666,"Group 12 San Diego",4,21
-117.23,32.86,2.5166666666666666,"Group 12 San Diego",4,22
-117.23,32.86,2.1,"Group 12 San Diego",4,23
-117.23,32.86,2.1,"Group 12 San Diego",5,0
-117.23,32.86,2.1,"Group 12 San Diego",5,1
-117.23,32.86,2.1,"Group 12 San Diego",5,2
-117.23,32.86,2.1,"Group 12 San Diego",5,3
-117.23,32.86,2.9333333333333336,"Group 12 San Diego",5,4
-117.23,32.86,1.7,"Group 12 San Diego",5,5
-117.23,32.86,2.3,"Group 12 San Diego",5,6
-117.23,32.86,1.8,"Group 12 San Diego",5,7
-117.23,32.86,2.35,"Group 12 San Diego",5,8
-117.23,32.86,2.3,"Group 12 San Diego",5,9
-117.23,32.86,2.6,"Group 12 San Diego",5,10
-117.23,32.86,4.381666666666667,"Group 12 San Diego",5,11
-117.23,32.86,4.625,"Group 12 San Diego",5,12
-117.23,32.86,3.35,"Group 12 San Diego",5,13
-117.23,32.86,4.766666666666667,"Group 12 San Diego",5,14
-117.23,32.86,5.6000000000000005,"Group 12 San Diego",5,15
-117.23,32.86,5.7,"Group 12 San Diego",5,16
-117.23,32.86,3.1,"Group 12 San Diego",5,17
-117.23,32.86,4.1,"Group 12 San Diego",5,19
-117.23,32.86,3.1,"Group 12 San Diego",5,21
-117.23,32.86,2.1,"Group 12 San Diego",5,22
-117.23,32.86,2.1,"Group 12 San Diego",6,0
-117.23,32.86,1.5,"Group 12 San Diego",6,2
-117.23,32.86,1.5,"Group 12 San Diego",6,3
-117.23,32.86,3.12,"Group 12 San Diego",6,5
-117.23,32.86,1.5,"Group 12 San Diego",6,7
-117.23,32.86,2.1,"Group 12 San Diego",6,8
-117.23,32.86,2.6,"Group 12 San Diego",6,10
-117.23,32.86,4.1,"Group 12 San Diego",6,12
-117.23,32.86,5.7,"Group 12 San Diego",6,13
-117.23,32.86,2.1,"Group 12 San Diego",6,15
-117.23,32.86,3.6,"Group 12 San Diego",6,17
-117.23,32.86,5.1,"Group 12 San Diego",6,18
-117.23,32.86,2.6,"Group 12 San Diego",6,20
-117.23,32.86,2.6,"Group 12 San Diego",6,22
-117.23,32.86,1.5,"Group 12 San Diego",6,23
-117.23,32.86,2.1,"Group 12 San Diego",7,1
-117.23,32.86,1.5,"Group 12 San Diego",7,3
-117.23,32.86,1.5,"Group 12 San Diego",7,4
-117.23,32.86,2.1,"Group 12 San Diego",7,6
-117.23,32.86,1.5,"Group 12 San Diego",7,8
-117.23,32.86,2.6,"Group 12 San Diego",7,9
-117.23,32.86,1.5,"Group 12 San Diego",7,11
-117.23,32.86,3.1,"Group 12 San Diego",7,13
-117.23,32.86,3.6,"Group 12 San Diego",7,14
-117.23,32.86,5.7,"Group 12 San Diego",7,15
-117.23,32.86,4.6,"Group 12 San Diego",7,16
-117.23,32.86,5.1,"Group 12 San Diego",7,17
-118.27,33.86,8.2,"Group 13 LA",7,14
-118.27,33.86,9.3,"Group 13 LA",7,15
-118.27,33.86,10.3,"Group 13 LA",7,16
-118.27,33.86,9.8,"Group 13 LA",7,17
-118.267,33.8647,9.8,"Group 13 LA",7,18
-118.267,33.8647,6.7,"Group 13 LA",7,19
-118.267,33.8647,4.6,"Group 13 LA",7,20
-122.421,37.7124,15.4,"Group 14 Bay",7,18
-122.421,37.7124,15.9,"Group 14 Bay",7,19
-122.421,37.7124,12.9,"Group 14 Bay",7,20
-122.42,37.71,7.7,"Group 14 Bay",4,19
-122.42,37.71,5.62,"Group 14 Bay",4,20
-122.42,37.71,5.1000000000000005,"Group 14 Bay",4,21
-122.42,37.71,3.85,"Group 14 Bay",4,22
-122.42,37.71,3.6,"Group 14 Bay",4,23
-122.42,37.71,3.073333333333333,"Group 14 Bay",5,0
-122.42,37.71,3.6,"Group 14 Bay",5,1
-122.42,37.71,4.866666666666666,"Group 14 Bay",5,2
-122.42,37.71,3.706666666666667,"Group 14 Bay",5,3
-122.42,37.71,3.1,"Group 14 Bay",5,4
-122.42,37.71,2.766666666666667,"Group 14 Bay",5,5
-122.42,37.71,4.266666666666667,"Group 14 Bay",5,6
-122.42,37.71,5.8500000000000005,"Group 14 Bay",5,7
-122.42,37.71,6.283333333333334,"Group 14 Bay",5,8
-122.42,37.71,7.033333333333334,"Group 14 Bay",5,9
-122.42,37.71,7.6,"Group 14 Bay",5,10
-122.42,37.71,8.366666666666667,"Group 14 Bay",5,11
-122.42,37.71,8.033333333333333,"Group 14 Bay",5,12
-122.42,37.71,8.366666666666667,"Group 14 Bay",5,13
-122.42,37.71,9.433333333333332,"Group 14 Bay",5,14
-122.42,37.71,10.133333333333333,"Group 14 Bay",5,15
-122.42,37.71,10.3,"Group 14 Bay",5,16
-122.42,37.71,8.2,"Group 14 Bay",5,17
-122.42,37.71,9.8,"Group 14 Bay",5,19
-122.42,37.71,11.8,"Group 14 Bay",5,21
-122.42,37.71,4.6,"Group 14 Bay",5,22
-122.42,37.71,4.1,"Group 14 Bay",6,0
-122.42,37.71,6.7,"Group 14 Bay",6,2
-122.42,37.71,5.7,"Group 14 Bay",6,3
-122.42,37.71,5.7,"Group 14 Bay",6,5
-122.42,37.71,5.1,"Group 14 Bay",6,7
-122.42,37.71,9.3,"Group 14 Bay",6,8
-122.42,37.71,9.3,"Group 14 Bay",6,10
-122.42,37.71,6.7,"Group 14 Bay",6,12
-122.42,37.71,8.7,"Group 14 Bay",6,13
-122.42,37.71,13.4,"Group 14 Bay",6,15
-122.42,37.71,11.8,"Group 14 Bay",6,17
-122.42,37.71,8.7,"Group 14 Bay",6,18
-122.42,37.71,9.3,"Group 14 Bay",6,20
-122.42,37.71,7.2,"Group 14 Bay",6,22
-122.42,37.71,9.3,"Group 14 Bay",6,23
-122.42,37.71,10.3,"Group 14 Bay",7,1
-122.42,37.71,8.7,"Group 14 Bay",7,3
-122.42,37.71,6.2,"Group 14 Bay",7,4
-122.42,37.71,5.7,"Group 14 Bay",7,6
-122.42,37.71,5.1,"Group 14 Bay",7,8
-122.42,37.71,7.7,"Group 14 Bay",7,9
-122.42,37.71,10.3,"Group 14 Bay",7,11
-122.42,37.71,12.9,"Group 14 Bay",7,13
-122.42,37.71,11.8,"Group 14 Bay",7,14
-122.42,37.71,13.4,"Group 14 Bay",7,15
-122.42,37.71,14.4,"Group 14 Bay",7,16
-122.42,37.71,15.4,"Group 14 Bay",7,17
-117.74,33.71,5.1,"Group 15 LA",7,14
-117.74,33.71,2.6,"Group 15 LA",7,15
-117.74,33.71,4.6,"Group 15 LA",7,16
-117.74,33.71,5.1,"Group 15 LA",7,17
-117.738,33.705,5.1,"Group 15 LA",7,18
-117.738,33.705,4.1,"Group 15 LA",7,19
-117.738,33.705,1.79,"Group 15 LA",7,20
-118.05,34.15,4.1,"Group 16 LA",7,14
-118.05,34.15,5.1,"Group 16 LA",7,15
-118.05,34.15,5.1,"Group 16 LA",7,16
-118.05,34.15,6.7,"Group 16 LA",7,17
-118.045,34.1542,6.7,"Group 16 LA",7,18
-118.045,34.1542,5.1,"Group 16 LA",7,19
-118.045,34.1542,4.6,"Group 16 LA",7,20
-122.29,37.78,7.2,"Group 18 Bay",4,19
-122.29,37.78,6.2,"Group 18 Bay",4,20
-122.29,37.78,5.650000000000001,"Group 18 Bay",4,21
-122.29,37.78,3.85,"Group 18 Bay",4,22
-122.29,37.78,3.6,"Group 18 Bay",4,23
-122.29,37.78,3.376666666666667,"Group 18 Bay",5,0
-122.29,37.78,3.6,"Group 18 Bay",5,1
-122.29,37.78,3.0999999999999996,"Group 18 Bay",5,2
-122.29,37.78,3.08,"Group 18 Bay",5,3
-122.29,37.78,3.1,"Group 18 Bay",5,4
-122.29,37.78,2.766666666666667,"Group 18 Bay",5,5
-122.29,37.78,4.266666666666667,"Group 18 Bay",5,6
-122.29,37.78,6.116666666666667,"Group 18 Bay",5,7
-122.29,37.78,6.95,"Group 18 Bay",5,8
-122.29,37.78,7.2,"Group 18 Bay",5,9
-122.29,37.78,8.2,"Group 18 Bay",5,10
-122.29,37.78,7.783333333333334,"Group 18 Bay",5,11
-122.29,37.78,7.366666666666667,"Group 18 Bay",5,12
-122.29,37.78,7.95,"Group 18 Bay",5,13
-122.29,37.78,9.950000000000001,"Group 18 Bay",5,14
-122.29,37.78,10.216666666666667,"Group 18 Bay",5,15
-122.29,37.78,10.3,"Group 18 Bay",5,16
-122.29,37.78,8.2,"Group 18 Bay",5,17
-122.29,37.78,9.8,"Group 18 Bay",5,19
-122.29,37.78,11.8,"Group 18 Bay",5,21
-122.29,37.78,4.6,"Group 18 Bay",5,22
-122.29,37.78,4.1,"Group 18 Bay",6,0
-122.29,37.78,6.7,"Group 18 Bay",6,2
-122.29,37.78,5.7,"Group 18 Bay",6,3
-122.29,37.78,8.2,"Group 18 Bay",6,5
-122.29,37.78,5.1,"Group 18 Bay",6,7
-122.29,37.78,7.2,"Group 18 Bay",6,8
-122.29,37.78,6.7,"Group 18 Bay",6,10
-122.29,37.78,10.8,"Group 18 Bay",6,12
-122.29,37.78,11.3,"Group 18 Bay",6,13
-122.29,37.78,11.8,"Group 18 Bay",6,15
-122.29,37.78,11.3,"Group 18 Bay",6,17
-122.29,37.78,11.3,"Group 18 Bay",6,18
-122.29,37.78,9.3,"Group 18 Bay",6,20
-122.29,37.78,7.2,"Group 18 Bay",6,22
-122.29,37.78,9.3,"Group 18 Bay",6,23
-122.29,37.78,10.3,"Group 18 Bay",7,1
-122.29,37.78,8.7,"Group 18 Bay",7,3
-122.29,37.78,6.2,"Group 18 Bay",7,4
-122.29,37.78,3.1,"Group 18 Bay",7,6
-122.29,37.78,5.1,"Group 18 Bay",7,8
-122.29,37.78,7.2,"Group 18 Bay",7,9
-122.29,37.78,8.7,"Group 18 Bay",7,11
-122.29,37.78,12.9,"Group 18 Bay",7,13
-122.29,37.78,11.8,"Group 18 Bay",7,14
-122.29,37.78,13.4,"Group 18 Bay",7,15
-122.29,37.78,14.4,"Group 18 Bay",7,16
-122.29,37.78,10.8,"Group 18 Bay",7,17
-122.287,37.7833,10.8,"Group 18 Bay",7,18
-122.287,37.7833,8.7,"Group 18 Bay",7,19
-122.287,37.7833,12.9,"Group 18 Bay",7,20
-121.93,37.49,4.6,"Group 18 Bay",4,19
-121.93,37.49,4.6,"Group 18 Bay",4,20
-121.93,37.49,3.35,"Group 18 Bay",4,21
-121.93,37.49,1.8066666666666666,"Group 18 Bay",4,22
-121.93,37.49,3.4520000000000004,"Group 18 Bay",4,23
-121.93,37.49,2.6,"Group 18 Bay",5,0
-121.93,37.49,3.016666666666667,"Group 18 Bay",5,1
-121.93,37.49,1.9833333333333334,"Group 18 Bay",5,2
-121.93,37.49,2.0633333333333335,"Group 18 Bay",5,3
-121.93,37.49,2.345,"Group 18 Bay",5,4
-121.93,37.49,2.276666666666667,"Group 18 Bay",5,5
-121.93,37.49,2.38,"Group 18 Bay",5,6
-121.93,37.49,1.5,"Group 18 Bay",5,7
-121.93,37.49,4.083333333333333,"Group 18 Bay",5,8
-121.93,37.49,5.933333333333334,"Group 18 Bay",5,9
-121.93,37.49,4.12,"Group 18 Bay",5,10
-121.93,37.49,3.6,"Group 18 Bay",5,11
-121.93,37.49,5.666666666666667,"Group 18 Bay",5,12
-121.93,37.49,7.366666666666667,"Group 18 Bay",5,13
-121.93,37.49,8.033333333333333,"Group 18 Bay",5,14
-121.93,37.49,8.533333333333333,"Group 18 Bay",5,15
-121.93,37.49,8.7,"Group 18 Bay",5,16
-121.93,37.49,7.7,"Group 18 Bay",5,17
-121.93,37.49,6.2,"Group 18 Bay",5,19
-121.93,37.49,2.44,"Group 18 Bay",5,21
-121.93,37.49,3.6,"Group 18 Bay",5,22
-121.93,37.49,2.1,"Group 18 Bay",6,0
-121.93,37.49,1.43,"Group 18 Bay",6,2
-121.93,37.49,1.01,"Group 18 Bay",6,3
-121.93,37.49,1.13,"Group 18 Bay",6,5
-121.93,37.49,1.57,"Group 18 Bay",6,7
-121.93,37.49,2.65,"Group 18 Bay",6,8
-121.93,37.49,2.1,"Group 18 Bay",6,10
-121.93,37.49,2.6,"Group 18 Bay",6,12
-121.93,37.49,7.2,"Group 18 Bay",6,13
-121.93,37.49,8.2,"Group 18 Bay",6,15
-121.93,37.49,6.7,"Group 18 Bay",6,17
-121.93,37.49,7.7,"Group 18 Bay",6,18
-121.93,37.49,5.1,"Group 18 Bay",6,20
-121.93,37.49,3.58,"Group 18 Bay",6,22
-121.93,37.49,4.1,"Group 18 Bay",6,23
-121.93,37.49,4.1,"Group 18 Bay",7,1
-121.93,37.49,2.6,"Group 18 Bay",7,3
-121.93,37.49,3.6,"Group 18 Bay",7,4
-121.93,37.49,2.6,"Group 18 Bay",7,6
-121.93,37.49,3.6,"Group 18 Bay",7,8
-121.93,37.49,6.2,"Group 18 Bay",7,9
-121.93,37.49,8.7,"Group 18 Bay",7,11
-121.93,37.49,7.7,"Group 18 Bay",7,13
-121.93,37.49,8.7,"Group 18 Bay",7,14
-121.93,37.49,8.2,"Group 18 Bay",7,15
-121.93,37.49,9.3,"Group 18 Bay",7,16
-121.93,37.49,8.7,"Group 18 Bay",7,17
-121.925,37.4918,8.7,"Group 18 Bay",7,18
-121.925,37.4918,9.3,"Group 18 Bay",7,19
-121.925,37.4918,0.45,"Group 18 Bay",7,20
-121.943,37.3969,8.7,"Group 2 Bay",7,18
-121.943,37.3969,9.3,"Group 2 Bay",7,19
-121.943,37.3969,9.8,"Group 2 Bay",7,20
-121.94,37.4,4.6,"Group 2 Bay",4,19
-121.94,37.4,4.6,"Group 2 Bay",4,20
-121.94,37.4,3.35,"Group 2 Bay",4,21
-121.94,37.4,2.026666666666667,"Group 2 Bay",4,22
-121.94,37.4,4.252000000000001,"Group 2 Bay",4,23
-121.94,37.4,5.166666666666667,"Group 2 Bay",5,0
-121.94,37.4,6.1000000000000005,"Group 2 Bay",5,1
-121.94,37.4,6.366666666666667,"Group 2 Bay",5,2
-121.94,37.4,5.866666666666667,"Group 2 Bay",5,3
-121.94,37.4,5.300000000000001,"Group 2 Bay",5,4
-121.94,37.4,5.1000000000000005,"Group 2 Bay",5,5
-121.94,37.4,6.016666666666667,"Group 2 Bay",5,6
-121.94,37.4,4.866666666666667,"Group 2 Bay",5,7
-121.94,37.4,4.6000000000000005,"Group 2 Bay",5,8
-121.94,37.4,5.933333333333334,"Group 2 Bay",5,9
-121.94,37.4,4.12,"Group 2 Bay",5,10
-121.94,37.4,3.6,"Group 2 Bay",5,11
-121.94,37.4,5.666666666666667,"Group 2 Bay",5,12
-121.94,37.4,7.366666666666667,"Group 2 Bay",5,13
-121.94,37.4,8.033333333333333,"Group 2 Bay",5,14
-121.94,37.4,8.533333333333333,"Group 2 Bay",5,15
-121.94,37.4,8.7,"Group 2 Bay",5,16
-121.94,37.4,7.7,"Group 2 Bay",5,17
-121.94,37.4,6.2,"Group 2 Bay",5,19
-121.94,37.4,5.1,"Group 2 Bay",5,21
-121.94,37.4,3.6,"Group 2 Bay",5,22
-121.94,37.4,3.1,"Group 2 Bay",6,0
-121.94,37.4,3.1,"Group 2 Bay",6,2
-121.94,37.4,2.6,"Group 2 Bay",6,3
-121.94,37.4,1.08,"Group 2 Bay",6,5
-121.94,37.4,1.38,"Group 2 Bay",6,7
-121.94,37.4,2.61,"Group 2 Bay",6,8
-121.94,37.4,2.1,"Group 2 Bay",6,10
-121.94,37.4,2.6,"Group 2 Bay",6,12
-121.94,37.4,7.2,"Group 2 Bay",6,13
-121.94,37.4,8.2,"Group 2 Bay",6,15
-121.94,37.4,6.7,"Group 2 Bay",6,17
-121.94,37.4,7.7,"Group 2 Bay",6,18
-121.94,37.4,0.89,"Group 2 Bay",6,20
-121.94,37.4,1.34,"Group 2 Bay",6,22
-121.94,37.4,5.7,"Group 2 Bay",6,23
-121.94,37.4,5.1,"Group 2 Bay",7,1
-121.94,37.4,5.1,"Group 2 Bay",7,3
-121.94,37.4,5.1,"Group 2 Bay",7,4
-121.94,37.4,5.7,"Group 2 Bay",7,6
-121.94,37.4,5.7,"Group 2 Bay",7,8
-121.94,37.4,6.2,"Group 2 Bay",7,9
-121.94,37.4,8.7,"Group 2 Bay",7,11
-121.94,37.4,7.7,"Group 2 Bay",7,13
-121.94,37.4,8.7,"Group 2 Bay",7,14
-121.94,37.4,8.2,"Group 2 Bay",7,15
-121.94,37.4,9.3,"Group 2 Bay",7,16
-121.94,37.4,8.7,"Group 2 Bay",7,17
-117.2,32.85,3.6,"Group 2 San Diego",4,19
-117.2,32.85,2.9,"Group 2 San Diego",4,20
-117.2,32.85,2.2666666666666666,"Group 2 San Diego",4,21
-117.2,32.85,2.5166666666666666,"Group 2 San Diego",4,22
-117.2,32.85,2.1,"Group 2 San Diego",4,23
-117.2,32.85,2.1,"Group 2 San Diego",5,0
-117.2,32.85,2.1,"Group 2 San Diego",5,1
-117.2,32.85,2.1,"Group 2 San Diego",5,2
-117.2,32.85,2.1,"Group 2 San Diego",5,3
-117.2,32.85,2.9333333333333336,"Group 2 San Diego",5,4
-117.2,32.85,1.7,"Group 2 San Diego",5,5
-117.2,32.85,2.3,"Group 2 San Diego",5,6
-117.2,32.85,1.8,"Group 2 San Diego",5,7
-117.2,32.85,2.35,"Group 2 San Diego",5,8
-117.2,32.85,2.3,"Group 2 San Diego",5,9
-117.2,32.85,2.6,"Group 2 San Diego",5,10
-117.2,32.85,4.265,"Group 2 San Diego",5,11
-117.2,32.85,4.601666666666667,"Group 2 San Diego",5,12
-117.2,32.85,3.35,"Group 2 San Diego",5,13
-117.2,32.85,4.766666666666667,"Group 2 San Diego",5,14
-117.2,32.85,5.6000000000000005,"Group 2 San Diego",5,15
-117.2,32.85,5.7,"Group 2 San Diego",5,16
-117.2,32.85,3.1,"Group 2 San Diego",5,17
-117.2,32.85,4.1,"Group 2 San Diego",5,19
-117.2,32.85,3.1,"Group 2 San Diego",5,21
-117.2,32.85,2.1,"Group 2 San Diego",5,22
-117.2,32.85,2.1,"Group 2 San Diego",6,0
-117.2,32.85,2.1,"Group 2 San Diego",6,2
-117.2,32.85,1.5,"Group 2 San Diego",6,3
-117.2,32.85,2.99,"Group 2 San Diego",6,5
-117.2,32.85,1.5,"Group 2 San Diego",6,7
-117.2,32.85,2.1,"Group 2 San Diego",6,8
-117.2,32.85,2.6,"Group 2 San Diego",6,10
-117.2,32.85,4.1,"Group 2 San Diego",6,12
-117.2,32.85,5.7,"Group 2 San Diego",6,13
-117.2,32.85,2.1,"Group 2 San Diego",6,15
-117.2,32.85,3.6,"Group 2 San Diego",6,17
-117.2,32.85,5.1,"Group 2 San Diego",6,18
-117.2,32.85,2.6,"Group 2 San Diego",6,20
-117.2,32.85,2.6,"Group 2 San Diego",6,22
-117.2,32.85,1.5,"Group 2 San Diego",6,23
-117.2,32.85,2.1,"Group 2 San Diego",7,1
-117.2,32.85,1.5,"Group 2 San Diego",7,3
-117.2,32.85,1.5,"Group 2 San Diego",7,4
-117.2,32.85,2.1,"Group 2 San Diego",7,6
-117.2,32.85,1.5,"Group 2 San Diego",7,8
-117.2,32.85,2.6,"Group 2 San Diego",7,9
-117.2,32.85,1.5,"Group 2 San Diego",7,11
-117.2,32.85,3.1,"Group 2 San Diego",7,13
-117.2,32.85,3.6,"Group 2 San Diego",7,14
-117.2,32.85,5.7,"Group 2 San Diego",7,15
-117.2,32.85,4.6,"Group 2 San Diego",7,16
-117.2,32.85,5.1,"Group 2 San Diego",7,17
-117.196,32.8472,5.1,"Group 2 San Diego",7,18
-117.196,32.8472,6.2,"Group 2 San Diego",7,19
-117.196,32.8472,4.6,"Group 2 San Diego",7,20
-117.223,32.8697,5.1,"Group 20 San Diego",7,18
-117.223,32.8697,6.2,"Group 20 San Diego",7,19
-117.223,32.8697,4.6,"Group 20 San Diego",7,20
-117.22,32.87,3.6,"Group 20 San Diego",4,19
-117.22,32.87,2.3,"Group 20 San Diego",4,20
-117.22,32.87,2.2666666666666666,"Group 20 San Diego",4,21
-117.22,32.87,2.5166666666666666,"Group 20 San Diego",4,22
-117.22,32.87,2.1,"Group 20 San Diego",4,23
-117.22,32.87,2.1,"Group 20 San Diego",5,0
-117.22,32.87,2.1,"Group 20 San Diego",5,1
-117.22,32.87,2.1,"Group 20 San Diego",5,2
-117.22,32.87,2.1,"Group 20 San Diego",5,3
-117.22,32.87,2.9333333333333336,"Group 20 San Diego",5,4
-117.22,32.87,1.7,"Group 20 San Diego",5,5
-117.22,32.87,2.3,"Group 20 San Diego",5,6
-117.22,32.87,1.8,"Group 20 San Diego",5,7
-117.22,32.87,2.35,"Group 20 San Diego",5,8
-117.22,32.87,2.3,"Group 20 San Diego",5,9
-117.22,32.87,2.6,"Group 20 San Diego",5,10
-117.22,32.87,4.3133333333333335,"Group 20 San Diego",5,11
-117.22,32.87,4.61,"Group 20 San Diego",5,12
-117.22,32.87,3.35,"Group 20 San Diego",5,13
-117.22,32.87,4.766666666666667,"Group 20 San Diego",5,14
-117.22,32.87,5.6000000000000005,"Group 20 San Diego",5,15
-117.22,32.87,5.7,"Group 20 San Diego",5,16
-117.22,32.87,3.1,"Group 20 San Diego",5,17
-117.22,32.87,4.1,"Group 20 San Diego",5,19
-117.22,32.87,3.1,"Group 20 San Diego",5,21
-117.22,32.87,2.1,"Group 20 San Diego",5,22
-117.22,32.87,2.1,"Group 20 San Diego",6,0
-117.22,32.87,1.5,"Group 20 San Diego",6,2
-117.22,32.87,1.5,"Group 20 San Diego",6,3
-117.22,32.87,3.06,"Group 20 San Diego",6,5
-117.22,32.87,1.5,"Group 20 San Diego",6,7
-117.22,32.87,2.1,"Group 20 San Diego",6,8
-117.22,32.87,2.6,"Group 20 San Diego",6,10
-117.22,32.87,4.1,"Group 20 San Diego",6,12
-117.22,32.87,5.7,"Group 20 San Diego",6,13
-117.22,32.87,2.1,"Group 20 San Diego",6,15
-117.22,32.87,3.6,"Group 20 San Diego",6,17
-117.22,32.87,5.1,"Group 20 San Diego",6,18
-117.22,32.87,2.6,"Group 20 San Diego",6,20
-117.22,32.87,2.6,"Group 20 San Diego",6,22
-117.22,32.87,1.5,"Group 20 San Diego",6,23
-117.22,32.87,2.1,"Group 20 San Diego",7,1
-117.22,32.87,1.5,"Group 20 San Diego",7,3
-117.22,32.87,1.5,"Group 20 San Diego",7,4
-117.22,32.87,2.1,"Group 20 San Diego",7,6
-117.22,32.87,1.5,"Group 20 San Diego",7,8
-117.22,32.87,2.6,"Group 20 San Diego",7,9
-117.22,32.87,1.5,"Group 20 San Diego",7,11
-117.22,32.87,3.1,"Group 20 San Diego",7,13
-117.22,32.87,3.6,"Group 20 San Diego",7,14
-117.22,32.87,5.7,"Group 20 San Diego",7,15
-117.22,32.87,4.6,"Group 20 San Diego",7,16
-117.22,32.87,5.1,"Group 20 San Diego",7,17
-117.22,32.85,3.6,"Group 22 San Diego",4,19
-117.22,32.85,2.9,"Group 22 San Diego",4,20
-117.22,32.85,2.2666666666666666,"Group 22 San Diego",4,21
-117.22,32.85,2.5166666666666666,"Group 22 San Diego",4,22
-117.22,32.85,2.1,"Group 22 San Diego",4,23
-117.22,32.85,2.1,"Group 22 San Diego",5,0
-117.22,32.85,2.1,"Group 22 San Diego",5,1
-117.22,32.85,2.1,"Group 22 San Diego",5,2
-117.22,32.85,2.1,"Group 22 San Diego",5,3
-117.22,32.85,2.9333333333333336,"Group 22 San Diego",5,4
-117.22,32.85,1.7,"Group 22 San Diego",5,5
-117.22,32.85,2.3,"Group 22 San Diego",5,6
-117.22,32.85,1.8,"Group 22 San Diego",5,7
-117.22,32.85,2.35,"Group 22 San Diego",5,8
-117.22,32.85,2.3,"Group 22 San Diego",5,9
-117.22,32.85,2.6,"Group 22 San Diego",5,10
-117.22,32.85,4.353333333333333,"Group 22 San Diego",5,11
-117.22,32.85,4.62,"Group 22 San Diego",5,12
-117.22,32.85,3.35,"Group 22 San Diego",5,13
-117.22,32.85,4.766666666666667,"Group 22 San Diego",5,14
-117.22,32.85,5.6000000000000005,"Group 22 San Diego",5,15
-117.22,32.85,5.7,"Group 22 San Diego",5,16
-117.22,32.85,3.1,"Group 22 San Diego",5,17
-117.22,32.85,4.1,"Group 22 San Diego",5,19
-117.22,32.85,3.1,"Group 22 San Diego",5,21
-117.22,32.85,2.1,"Group 22 San Diego",5,22
-117.22,32.85,2.1,"Group 22 San Diego",6,0
-117.22,32.85,2.1,"Group 22 San Diego",6,2
-117.22,32.85,1.5,"Group 22 San Diego",6,3
-117.22,32.85,3.08,"Group 22 San Diego",6,5
-117.22,32.85,1.5,"Group 22 San Diego",6,7
-117.22,32.85,2.1,"Group 22 San Diego",6,8
-117.22,32.85,2.6,"Group 22 San Diego",6,10
-117.22,32.85,4.1,"Group 22 San Diego",6,12
-117.22,32.85,5.7,"Group 22 San Diego",6,13
-117.22,32.85,2.1,"Group 22 San Diego",6,15
-117.22,32.85,3.6,"Group 22 San Diego",6,17
-117.22,32.85,5.1,"Group 22 San Diego",6,18
-117.22,32.85,2.6,"Group 22 San Diego",6,20
-117.22,32.85,2.6,"Group 22 San Diego",6,22
-117.22,32.85,1.5,"Group 22 San Diego",6,23
-117.22,32.85,2.1,"Group 22 San Diego",7,1
-117.22,32.85,1.5,"Group 22 San Diego",7,3
-117.22,32.85,1.5,"Group 22 San Diego",7,4
-117.22,32.85,2.1,"Group 22 San Diego",7,6
-117.22,32.85,1.5,"Group 22 San Diego",7,8
-117.22,32.85,2.6,"Group 22 San Diego",7,9
-117.22,32.85,1.5,"Group 22 San Diego",7,11
-117.22,32.85,3.1,"Group 22 San Diego",7,13
-117.22,32.85,3.6,"Group 22 San Diego",7,14
-117.22,32.85,5.7,"Group 22 San Diego",7,15
-117.22,32.85,4.6,"Group 22 San Diego",7,16
-117.22,32.85,5.1,"Group 22 San Diego",7,17
-117.22,32.87,3.6,"Group 22 San Diego",4,19
-117.22,32.87,2.3,"Group 22 San Diego",4,20
-117.22,32.87,2.2666666666666666,"Group 22 San Diego",4,21
-117.22,32.87,2.5166666666666666,"Group 22 San Diego",4,22
-117.22,32.87,2.1,"Group 22 San Diego",4,23
-117.22,32.87,2.1,"Group 22 San Diego",5,0
-117.22,32.87,2.1,"Group 22 San Diego",5,1
-117.22,32.87,2.1,"Group 22 San Diego",5,2
-117.22,32.87,2.1,"Group 22 San Diego",5,3
-117.22,32.87,2.9333333333333336,"Group 22 San Diego",5,4
-117.22,32.87,1.7,"Group 22 San Diego",5,5
-117.22,32.87,2.3,"Group 22 San Diego",5,6
-117.22,32.87,1.8,"Group 22 San Diego",5,7
-117.22,32.87,2.35,"Group 22 San Diego",5,8
-117.22,32.87,2.3,"Group 22 San Diego",5,9
-117.22,32.87,2.6,"Group 22 San Diego",5,10
-117.22,32.87,4.3133333333333335,"Group 22 San Diego",5,11
-117.22,32.87,4.61,"Group 22 San Diego",5,12
-117.22,32.87,3.35,"Group 22 San Diego",5,13
-117.22,32.87,4.766666666666667,"Group 22 San Diego",5,14
-117.22,32.87,5.6000000000000005,"Group 22 San Diego",5,15
-117.22,32.87,5.7,"Group 22 San Diego",5,16
-117.22,32.87,3.1,"Group 22 San Diego",5,17
-117.22,32.87,4.1,"Group 22 San Diego",5,19
-117.22,32.87,3.1,"Group 22 San Diego",5,21
-117.22,32.87,2.1,"Group 22 San Diego",5,22
-117.22,32.87,2.1,"Group 22 San Diego",6,0
-117.22,32.87,1.5,"Group 22 San Diego",6,2
-117.22,32.87,1.5,"Group 22 San Diego",6,3
-117.22,32.87,3.06,"Group 22 San Diego",6,5
-117.22,32.87,1.5,"Group 22 San Diego",6,7
-117.22,32.87,2.1,"Group 22 San Diego",6,8
-117.22,32.87,2.6,"Group 22 San Diego",6,10
-117.22,32.87,4.1,"Group 22 San Diego",6,12
-117.22,32.87,5.7,"Group 22 San Diego",6,13
-117.22,32.87,2.1,"Group 22 San Diego",6,15
-117.22,32.87,3.6,"Group 22 San Diego",6,17
-117.22,32.87,5.1,"Group 22 San Diego",6,18
-117.22,32.87,2.6,"Group 22 San Diego",6,20
-117.22,32.87,2.6,"Group 22 San Diego",6,22
-117.22,32.87,1.5,"Group 22 San Diego",6,23
-117.22,32.87,2.1,"Group 22 San Diego",7,1
-117.22,32.87,1.5,"Group 22 San Diego",7,3
-117.22,32.87,1.5,"Group 22 San Diego",7,4
-117.22,32.87,2.1,"Group 22 San Diego",7,6
-117.22,32.87,1.5,"Group 22 San Diego",7,8
-117.22,32.87,2.6,"Group 22 San Diego",7,9
-117.22,32.87,1.5,"Group 22 San Diego",7,11
-117.22,32.87,3.1,"Group 22 San Diego",7,13
-117.22,32.87,3.6,"Group 22 San Diego",7,14
-117.22,32.87,5.7,"Group 22 San Diego",7,15
-117.22,32.87,4.6,"Group 22 San Diego",7,16
-117.22,32.87,5.1,"Group 22 San Diego",7,17
-117.218,32.869,5.1,"Group 22 San Diego",7,18
-117.218,32.869,6.2,"Group 22 San Diego",7,19
-117.218,32.869,4.6,"Group 22 San Diego",7,20
-117.217,32.8512,5.1,"Group 22 San Diego",7,18
-117.217,32.8512,6.2,"Group 22 San Diego",7,19
-117.217,32.8512,4.6,"Group 22 San Diego",7,20
-118.4,33.79,8.2,"Group 25 LA",7,14
-118.4,33.79,9.3,"Group 25 LA",7,15
-118.4,33.79,10.3,"Group 25 LA",7,16
-118.4,33.79,10.55,"Group 25 LA",7,17
-118.397,33.7947,11.3,"Group 25 LA",7,18
-118.397,33.7947,10.3,"Group 25 LA",7,19
-118.397,33.7947,7.7,"Group 25 LA",7,20
-117.79,33.6962,5.1,"Group 25 LA",7,18
-117.79,33.6962,4.1,"Group 25 LA",7,19
-117.79,33.6962,1.79,"Group 25 LA",7,20
-117.79,33.7,5.1,"Group 25 LA",7,14
-117.79,33.7,2.6,"Group 25 LA",7,15
-117.79,33.7,4.6,"Group 25 LA",7,16
-117.79,33.7,5.1,"Group 25 LA",7,17
-117.25,32.87,3.6,"Group 3 San Diego",4,19
-117.25,32.87,2.3,"Group 3 San Diego",4,20
-117.25,32.87,2.1,"Group 3 San Diego",4,21
-117.25,32.87,2.5166666666666666,"Group 3 San Diego",4,22
-117.25,32.87,2.1,"Group 3 San Diego",4,23
-117.25,32.87,2.1,"Group 3 San Diego",5,0
-117.25,32.87,2.1,"Group 3 San Diego",5,1
-117.25,32.87,2.1,"Group 3 San Diego",5,2
-117.25,32.87,2.1,"Group 3 San Diego",5,3
-117.25,32.87,2.9333333333333336,"Group 3 San Diego",5,4
-117.25,32.87,1.7,"Group 3 San Diego",5,5
-117.25,32.87,2.3,"Group 3 San Diego",5,6
-117.25,32.87,1.8,"Group 3 San Diego",5,7
-117.25,32.87,2.35,"Group 3 San Diego",5,8
-117.25,32.87,2.3,"Group 3 San Diego",5,9
-117.25,32.87,2.6,"Group 3 San Diego",5,10
-117.25,32.87,4.446666666666666,"Group 3 San Diego",5,11
-117.25,32.87,4.636666666666667,"Group 3 San Diego",5,12
-117.25,32.87,3.35,"Group 3 San Diego",5,13
-117.25,32.87,4.766666666666667,"Group 3 San Diego",5,14
-117.25,32.87,5.6000000000000005,"Group 3 San Diego",5,15
-117.25,32.87,5.7,"Group 3 San Diego",5,16
-117.25,32.87,3.1,"Group 3 San Diego",5,17
-117.25,32.87,4.1,"Group 3 San Diego",5,19
-117.25,32.87,3.1,"Group 3 San Diego",5,21
-117.25,32.87,2.1,"Group 3 San Diego",5,22
-117.25,32.87,2.1,"Group 3 San Diego",6,0
-117.25,32.87,1.5,"Group 3 San Diego",6,2
-117.25,32.87,1.5,"Group 3 San Diego",6,3
-117.25,32.87,3.22,"Group 3 San Diego",6,5
-117.25,32.87,1.5,"Group 3 San Diego",6,7
-117.25,32.87,2.1,"Group 3 San Diego",6,8
-117.25,32.87,2.6,"Group 3 San Diego",6,10
-117.25,32.87,4.1,"Group 3 San Diego",6,12
-117.25,32.87,5.7,"Group 3 San Diego",6,13
-117.25,32.87,2.1,"Group 3 San Diego",6,15
-117.25,32.87,3.6,"Group 3 San Diego",6,17
-117.25,32.87,5.1,"Group 3 San Diego",6,18
-117.25,32.87,2.6,"Group 3 San Diego",6,20
-117.25,32.87,2.6,"Group 3 San Diego",6,22
-117.25,32.87,1.5,"Group 3 San Diego",6,23
-117.25,32.87,2.1,"Group 3 San Diego",7,1
-117.25,32.87,1.5,"Group 3 San Diego",7,3
-117.25,32.87,1.5,"Group 3 San Diego",7,4
-117.25,32.87,2.1,"Group 3 San Diego",7,6
-117.25,32.87,1.5,"Group 3 San Diego",7,8
-117.25,32.87,2.6,"Group 3 San Diego",7,9
-117.25,32.87,1.5,"Group 3 San Diego",7,11
-117.25,32.87,3.1,"Group 3 San Diego",7,13
-117.25,32.87,3.6,"Group 3 San Diego",7,14
-117.25,32.87,5.7,"Group 3 San Diego",7,15
-117.25,32.87,4.6,"Group 3 San Diego",7,16
-117.25,32.87,5.1,"Group 3 San Diego",7,17
-117.248,32.8668,5.1,"Group 3 San Diego",7,18
-117.248,32.8668,6.2,"Group 3 San Diego",7,19
-117.248,32.8668,4.6,"Group 3 San Diego",7,20
-117.24,32.87,3.6,"Group 3 San Diego",4,19
-117.24,32.87,2.3,"Group 3 San Diego",4,20
-117.24,32.87,2.1,"Group 3 San Diego",4,21
-117.24,32.87,2.5166666666666666,"Group 3 San Diego",4,22
-117.24,32.87,2.1,"Group 3 San Diego",4,23
-117.24,32.87,2.1,"Group 3 San Diego",5,0
-117.24,32.87,2.1,"Group 3 San Diego",5,1
-117.24,32.87,2.1,"Group 3 San Diego",5,2
-117.24,32.87,2.1,"Group 3 San Diego",5,3
-117.24,32.87,2.9333333333333336,"Group 3 San Diego",5,4
-117.24,32.87,1.7,"Group 3 San Diego",5,5
-117.24,32.87,2.3,"Group 3 San Diego",5,6
-117.24,32.87,1.8,"Group 3 San Diego",5,7
-117.24,32.87,2.35,"Group 3 San Diego",5,8
-117.24,32.87,2.3,"Group 3 San Diego",5,9
-117.24,32.87,2.6,"Group 3 San Diego",5,10
-117.24,32.87,4.405,"Group 3 San Diego",5,11
-117.24,32.87,4.628333333333334,"Group 3 San Diego",5,12
-117.24,32.87,3.35,"Group 3 San Diego",5,13
-117.24,32.87,4.766666666666667,"Group 3 San Diego",5,14
-117.24,32.87,5.6000000000000005,"Group 3 San Diego",5,15
-117.24,32.87,5.7,"Group 3 San Diego",5,16
-117.24,32.87,3.1,"Group 3 San Diego",5,17
-117.24,32.87,4.1,"Group 3 San Diego",5,19
-117.24,32.87,3.1,"Group 3 San Diego",5,21
-117.24,32.87,2.1,"Group 3 San Diego",5,22
-117.24,32.87,2.1,"Group 3 San Diego",6,0
-117.24,32.87,1.5,"Group 3 San Diego",6,2
-117.24,32.87,1.5,"Group 3 San Diego",6,3
-117.24,32.87,3.16,"Group 3 San Diego",6,5
-117.24,32.87,1.5,"Group 3 San Diego",6,7
-117.24,32.87,2.1,"Group 3 San Diego",6,8
-117.24,32.87,2.6,"Group 3 San Diego",6,10
-117.24,32.87,4.1,"Group 3 San Diego",6,12
-117.24,32.87,5.7,"Group 3 San Diego",6,13
-117.24,32.87,2.1,"Group 3 San Diego",6,15
-117.24,32.87,3.6,"Group 3 San Diego",6,17
-117.24,32.87,5.1,"Group 3 San Diego",6,18
-117.24,32.87,2.6,"Group 3 San Diego",6,20
-117.24,32.87,2.6,"Group 3 San Diego",6,22
-117.24,32.87,1.5,"Group 3 San Diego",6,23
-117.24,32.87,2.1,"Group 3 San Diego",7,1
-117.24,32.87,1.5,"Group 3 San Diego",7,3
-117.24,32.87,1.5,"Group 3 San Diego",7,4
-117.24,32.87,2.1,"Group 3 San Diego",7,6
-117.24,32.87,1.5,"Group 3 San Diego",7,8
-117.24,32.87,2.6,"Group 3 San Diego",7,9
-117.24,32.87,1.5,"Group 3 San Diego",7,11
-117.24,32.87,3.1,"Group 3 San Diego",7,13
-117.24,32.87,3.6,"Group 3 San Diego",7,14
-117.24,32.87,5.7,"Group 3 San Diego",7,15
-117.24,32.87,4.6,"Group 3 San Diego",7,16
-117.24,32.87,5.1,"Group 3 San Diego",7,17
-117.238,32.8657,5.1,"Group 3 San Diego",7,18
-117.238,32.8657,6.2,"Group 3 San Diego",7,19
-117.238,32.8657,4.6,"Group 3 San Diego",7,20
-122.01,37.39,4.6,"Group 4 Bay",4,19
-122.01,37.39,4.6,"Group 4 Bay",4,20
-122.01,37.39,3.35,"Group 4 Bay",4,21
-122.01,37.39,1.9666666666666668,"Group 4 Bay",4,22
-122.01,37.39,3.478,"Group 4 Bay",4,23
-122.01,37.39,2.6,"Group 4 Bay",5,0
-122.01,37.39,3.016666666666667,"Group 4 Bay",5,1
-122.01,37.39,1.9833333333333334,"Group 4 Bay",5,2
-122.01,37.39,2.0433333333333334,"Group 4 Bay",5,3
-122.01,37.39,2.306666666666666,"Group 4 Bay",5,4
-122.01,37.39,2.2449999999999997,"Group 4 Bay",5,5
-122.01,37.39,2.2899999999999996,"Group 4 Bay",5,6
-122.01,37.39,1.5,"Group 4 Bay",5,7
-122.01,37.39,3.5666666666666664,"Group 4 Bay",5,8
-122.01,37.39,5.933333333333334,"Group 4 Bay",5,9
-122.01,37.39,4.12,"Group 4 Bay",5,10
-122.01,37.39,3.6,"Group 4 Bay",5,11
-122.01,37.39,5.666666666666667,"Group 4 Bay",5,12
-122.01,37.39,7.366666666666667,"Group 4 Bay",5,13
-122.01,37.39,8.033333333333333,"Group 4 Bay",5,14
-122.01,37.39,8.533333333333333,"Group 4 Bay",5,15
-122.01,37.39,8.7,"Group 4 Bay",5,16
-122.01,37.39,7.7,"Group 4 Bay",5,17
-122.01,37.39,6.2,"Group 4 Bay",5,19
-122.01,37.39,5.1,"Group 4 Bay",5,21
-122.01,37.39,3.6,"Group 4 Bay",5,22
-122.01,37.39,2.1,"Group 4 Bay",6,0
-122.01,37.39,1.32,"Group 4 Bay",6,2
-122.01,37.39,0.99,"Group 4 Bay",6,3
-122.01,37.39,1.02,"Group 4 Bay",6,5
-122.01,37.39,1.34,"Group 4 Bay",6,7
-122.01,37.39,2.71,"Group 4 Bay",6,8
-122.01,37.39,2.1,"Group 4 Bay",6,10
-122.01,37.39,2.6,"Group 4 Bay",6,12
-122.01,37.39,7.2,"Group 4 Bay",6,13
-122.01,37.39,8.2,"Group 4 Bay",6,15
-122.01,37.39,6.7,"Group 4 Bay",6,17
-122.01,37.39,7.7,"Group 4 Bay",6,18
-122.01,37.39,1.34,"Group 4 Bay",6,20
-122.01,37.39,0.45,"Group 4 Bay",6,22
-122.01,37.39,4.1,"Group 4 Bay",6,23
-122.01,37.39,4.1,"Group 4 Bay",7,1
-122.01,37.39,2.6,"Group 4 Bay",7,3
-122.01,37.39,3.6,"Group 4 Bay",7,4
-122.01,37.39,2.6,"Group 4 Bay",7,6
-122.01,37.39,3.6,"Group 4 Bay",7,8
-122.01,37.39,6.2,"Group 4 Bay",7,9
-122.01,37.39,8.7,"Group 4 Bay",7,11
-122.01,37.39,7.7,"Group 4 Bay",7,13
-122.01,37.39,8.7,"Group 4 Bay",7,14
-122.01,37.39,8.2,"Group 4 Bay",7,15
-122.01,37.39,9.3,"Group 4 Bay",7,16
-122.01,37.39,8.7,"Group 4 Bay",7,17
-122.007,37.3877,8.7,"Group 4 Bay",7,18
-122.007,37.3877,9.3,"Group 4 Bay",7,19
-122.007,37.3877,9.8,"Group 4 Bay",7,20
-118.352,34.2192,5.1,"Group 5 LA",7,18
-118.352,34.2192,7.7,"Group 5 LA",7,19
-118.352,34.2192,8.7,"Group 5 LA",7,20
-118.35,34.22,3.6,"Group 5 LA",7,14
-118.35,34.22,6.7,"Group 5 LA",7,15
-118.35,34.22,6.7,"Group 5 LA",7,16
-118.35,34.22,5.1,"Group 5 LA",7,17
-117.212,32.856,5.1,"Group 5 San Diego",7,18
-117.212,32.856,6.2,"Group 5 San Diego",7,19
-117.212,32.856,4.6,"Group 5 San Diego",7,20
-117.21,32.86,3.6,"Group 5 San Diego",4,19
-117.21,32.86,2.3,"Group 5 San Diego",4,20
-117.21,32.86,2.2666666666666666,"Group 5 San Diego",4,21
-117.21,32.86,2.5166666666666666,"Group 5 San Diego",4,22
-117.21,32.86,2.1,"Group 5 San Diego",4,23
-117.21,32.86,2.1,"Group 5 San Diego",5,0
-117.21,32.86,2.1,"Group 5 San Diego",5,1
-117.21,32.86,2.1,"Group 5 San Diego",5,2
-117.21,32.86,2.1,"Group 5 San Diego",5,3
-117.21,32.86,2.9333333333333336,"Group 5 San Diego",5,4
-117.21,32.86,1.7,"Group 5 San Diego",5,5
-117.21,32.86,2.3,"Group 5 San Diego",5,6
-117.21,32.86,1.8,"Group 5 San Diego",5,7
-117.21,32.86,2.35,"Group 5 San Diego",5,8
-117.21,32.86,2.3,"Group 5 San Diego",5,9
-117.21,32.86,2.6,"Group 5 San Diego",5,10
-117.21,32.86,4.288333333333333,"Group 5 San Diego",5,11
-117.21,32.86,4.605,"Group 5 San Diego",5,12
-117.21,32.86,3.35,"Group 5 San Diego",5,13
-117.21,32.86,4.766666666666667,"Group 5 San Diego",5,14
-117.21,32.86,5.6000000000000005,"Group 5 San Diego",5,15
-117.21,32.86,5.7,"Group 5 San Diego",5,16
-117.21,32.86,3.1,"Group 5 San Diego",5,17
-117.21,32.86,4.1,"Group 5 San Diego",5,19
-117.21,32.86,3.1,"Group 5 San Diego",5,21
-117.21,32.86,2.1,"Group 5 San Diego",5,22
-117.21,32.86,2.1,"Group 5 San Diego",6,0
-117.21,32.86,1.5,"Group 5 San Diego",6,2
-117.21,32.86,1.5,"Group 5 San Diego",6,3
-117.21,32.86,3.02,"Group 5 San Diego",6,5
-117.21,32.86,1.5,"Group 5 San Diego",6,7
-117.21,32.86,2.1,"Group 5 San Diego",6,8
-117.21,32.86,2.6,"Group 5 San Diego",6,10
-117.21,32.86,4.1,"Group 5 San Diego",6,12
-117.21,32.86,5.7,"Group 5 San Diego",6,13
-117.21,32.86,2.1,"Group 5 San Diego",6,15
-117.21,32.86,3.6,"Group 5 San Diego",6,17
-117.21,32.86,5.1,"Group 5 San Diego",6,18
-117.21,32.86,2.6,"Group 5 San Diego",6,20
-117.21,32.86,2.6,"Group 5 San Diego",6,22
-117.21,32.86,1.5,"Group 5 San Diego",6,23
-117.21,32.86,2.1,"Group 5 San Diego",7,1
-117.21,32.86,1.5,"Group 5 San Diego",7,3
-117.21,32.86,1.5,"Group 5 San Diego",7,4
-117.21,32.86,2.1,"Group 5 San Diego",7,6
-117.21,32.86,1.5,"Group 5 San Diego",7,8
-117.21,32.86,2.6,"Group 5 San Diego",7,9
-117.21,32.86,1.5,"Group 5 San Diego",7,11
-117.21,32.86,3.1,"Group 5 San Diego",7,13
-117.21,32.86,3.6,"Group 5 San Diego",7,14
-117.21,32.86,5.7,"Group 5 San Diego",7,15
-117.21,32.86,4.6,"Group 5 San Diego",7,16
-117.21,32.86,5.1,"Group 5 San Diego",7,17
-117.22,32.87,3.6,"Group 6 San Diego",4,19
-117.22,32.87,2.3000000000000003,"Group 6 San Diego",4,20
-117.22,32.87,2.266666666666667,"Group 6 San Diego",4,21
-117.22,32.87,2.516666666666667,"Group 6 San Diego",4,22
-117.22,32.87,2.1000000000000005,"Group 6 San Diego",4,23
-117.22,32.87,2.1000000000000005,"Group 6 San Diego",5,0
-117.22,32.87,2.1000000000000005,"Group 6 San Diego",5,1
-117.22,32.87,2.1000000000000005,"Group 6 San Diego",5,2
-117.22,32.87,2.1000000000000005,"Group 6 San Diego",5,3
-117.22,32.87,2.933333333333334,"Group 6 San Diego",5,4
-117.22,32.87,1.7000000000000002,"Group 6 San Diego",5,5
-117.22,32.87,2.3000000000000003,"Group 6 San Diego",5,6
-117.22,32.87,1.8,"Group 6 San Diego",5,7
-117.22,32.87,2.3500000000000005,"Group 6 San Diego",5,8
-117.22,32.87,2.3000000000000003,"Group 6 San Diego",5,9
-117.22,32.87,2.6000000000000005,"Group 6 San Diego",5,10
-117.22,32.87,4.313333333333333,"Group 6 San Diego",5,11
-117.22,32.87,4.61,"Group 6 San Diego",5,12
-117.22,32.87,3.350000000000001,"Group 6 San Diego",5,13
-117.22,32.87,4.7666666666666675,"Group 6 San Diego",5,14
-117.22,32.87,5.600000000000001,"Group 6 San Diego",5,15
-117.22,32.87,5.7,"Group 6 San Diego",5,16
-117.22,32.87,3.1,"Group 6 San Diego",5,17
-117.22,32.87,4.1,"Group 6 San Diego",5,19
-117.22,32.87,3.1,"Group 6 San Diego",5,21
-117.22,32.87,2.1,"Group 6 San Diego",5,22
-117.22,32.87,2.1,"Group 6 San Diego",6,0
-117.22,32.87,1.5,"Group 6 San Diego",6,2
-117.22,32.87,1.5,"Group 6 San Diego",6,3
-117.22,32.87,3.06,"Group 6 San Diego",6,5
-117.22,32.87,1.5,"Group 6 San Diego",6,7
-117.22,32.87,2.1,"Group 6 San Diego",6,8
-117.22,32.87,2.6,"Group 6 San Diego",6,10
-117.22,32.87,4.1,"Group 6 San Diego",6,12
-117.22,32.87,5.7,"Group 6 San Diego",6,13
-117.22,32.87,2.1,"Group 6 San Diego",6,15
-117.22,32.87,3.6,"Group 6 San Diego",6,17
-117.22,32.87,5.1,"Group 6 San Diego",6,18
-117.22,32.87,2.6,"Group 6 San Diego",6,20
-117.22,32.87,2.6,"Group 6 San Diego",6,22
-117.22,32.87,1.5,"Group 6 San Diego",6,23
-117.22,32.87,2.1,"Group 6 San Diego",7,1
-117.22,32.87,1.5,"Group 6 San Diego",7,3
-117.22,32.87,1.5,"Group 6 San Diego",7,4
-117.22,32.87,2.1,"Group 6 San Diego",7,6
-117.22,32.87,1.5,"Group 6 San Diego",7,8
-117.22,32.87,2.6,"Group 6 San Diego",7,9
-117.22,32.87,1.5,"Group 6 San Diego",7,11
-117.22,32.87,3.1,"Group 6 San Diego",7,13
-117.22,32.87,3.6000000000000005,"Group 6 San Diego",7,14
-117.22,32.87,5.7,"Group 6 San Diego",7,15
-117.22,32.87,4.6,"Group 6 San Diego",7,16
-117.22,32.87,5.1,"Group 6 San Diego",7,17
-117.216,32.8746,5.1,"Group 6 San Diego",7,18
-117.216,32.8746,6.2,"Group 6 San Diego",7,19
-117.216,32.8746,4.6,"Group 6 San Diego",7,20
-117.216,32.8747,5.1,"Group 6 San Diego",7,18
-117.216,32.8747,6.2,"Group 6 San Diego",7,19
-117.216,32.8747,4.6,"Group 6 San Diego",7,20
-117.21,32.87,3.6,"Group 9 San Diego",4,19
-117.21,32.87,2.5,"Group 9 San Diego",4,20
-117.21,32.87,2.2666666666666666,"Group 9 San Diego",4,21
-117.21,32.87,2.5166666666666666,"Group 9 San Diego",4,22
-117.21,32.87,2.1,"Group 9 San Diego",4,23
-117.21,32.87,2.1,"Group 9 San Diego",5,0
-117.21,32.87,2.1,"Group 9 San Diego",5,1
-117.21,32.87,2.1,"Group 9 San Diego",5,2
-117.21,32.87,2.1,"Group 9 San Diego",5,3
-117.21,32.87,2.9333333333333336,"Group 9 San Diego",5,4
-117.21,32.87,1.7,"Group 9 San Diego",5,5
-117.21,32.87,2.3,"Group 9 San Diego",5,6
-117.21,32.87,1.8,"Group 9 San Diego",5,7
-117.21,32.87,2.35,"Group 9 San Diego",5,8
-117.21,32.87,2.3,"Group 9 San Diego",5,9
-117.21,32.87,2.6,"Group 9 San Diego",5,10
-117.21,32.87,4.266666666666667,"Group 9 San Diego",5,11
-117.21,32.87,4.6000000000000005,"Group 9 San Diego",5,12
-117.21,32.87,3.35,"Group 9 San Diego",5,13
-117.21,32.87,4.766666666666667,"Group 9 San Diego",5,14
-117.21,32.87,5.6000000000000005,"Group 9 San Diego",5,15
-117.21,32.87,5.7,"Group 9 San Diego",5,16
-117.21,32.87,3.1,"Group 9 San Diego",5,17
-117.21,32.87,4.1,"Group 9 San Diego",5,19
-117.21,32.87,3.1,"Group 9 San Diego",5,21
-117.21,32.87,2.1,"Group 9 San Diego",5,22
-117.21,32.87,2.1,"Group 9 San Diego",6,0
-117.21,32.87,1.5,"Group 9 San Diego",6,2
-117.21,32.87,1.5,"Group 9 San Diego",6,3
-117.21,32.87,3.01,"Group 9 San Diego",6,5
-117.21,32.87,1.5,"Group 9 San Diego",6,7
-117.21,32.87,2.1,"Group 9 San Diego",6,8
-117.21,32.87,2.6,"Group 9 San Diego",6,10
-117.21,32.87,4.1,"Group 9 San Diego",6,12
-117.21,32.87,5.7,"Group 9 San Diego",6,13
-117.21,32.87,2.1,"Group 9 San Diego",6,15
-117.21,32.87,3.6,"Group 9 San Diego",6,17
-117.21,32.87,5.1,"Group 9 San Diego",6,18
-117.21,32.87,2.6,"Group 9 San Diego",6,20
-117.21,32.87,2.6,"Group 9 San Diego",6,22
-117.21,32.87,1.5,"Group 9 San Diego",6,23
-117.21,32.87,2.1,"Group 9 San Diego",7,1
-117.21,32.87,1.5,"Group 9 San Diego",7,3
-117.21,32.87,1.5,"Group 9 San Diego",7,4
-117.21,32.87,2.1,"Group 9 San Diego",7,6
-117.21,32.87,1.5,"Group 9 San Diego",7,8
-117.21,32.87,2.6,"Group 9 San Diego",7,9
-117.21,32.87,1.5,"Group 9 San Diego",7,11
-117.21,32.87,3.1,"Group 9 San Diego",7,13
-117.21,32.87,3.6,"Group 9 San Diego",7,14
-117.21,32.87,5.7,"Group 9 San Diego",7,15
-117.21,32.87,4.6,"Group 9 San Diego",7,16
-117.21,32.87,5.1,"Group 9 San Diego",7,17
-117.205,32.8725,5.1,"Group 9 San Diego",7,18
-117.205,32.8725,6.2,"Group 9 San Diego",7,19
-117.205,32.8725,4.6,"Group 9 San Diego",7,20
-117.16,32.72,2.1000000000000005,"San Diego",3,22
-117.16,32.72,2.282926829268292,"San Diego",3,23
-117.16,32.72,2.2499999999999973,"San Diego",4,0
-117.16,32.72,1.7100000000000004,"San Diego",4,1
-117.16,32.72,1.0533333333333343,"San Diego",4,2
-117.16,32.72,2.518666666666664,"San Diego",4,3
-117.16,32.72,2.73333333333333,"San Diego",4,4
-117.16,32.72,2.4666666666666637,"San Diego",4,5
-117.16,32.72,2.8166666666666638,"San Diego",4,6
-117.16,32.72,3.45833333333333,"San Diego",4,7
-117.16,32.72,2.6749999999999963,"San Diego",4,8
-117.16,32.72,3.0249999999999972,"San Diego",4,9
-117.16,32.72,3.4499999999999966,"San Diego",4,10
-117.16,32.72,4.199999999999997,"San Diego",4,11
-117.16,32.72,3.9166666666666625,"San Diego",4,12
-117.16,32.72,3.9833333333333294,"San Diego",4,13
-117.16,32.72,5.193333333333328,"San Diego",4,14
-117.16,32.72,4.74,"San Diego",4,15
-117.16,32.72,4.099999999999996,"San Diego",4,16
-117.16,32.72,4.099999999999996,"San Diego",4,17
-117.16,32.72,4.099999999999998,"San Diego",4,18
-117.16,32.72,3.1,"San Diego",4,19
-121.89,37.34,3.6,"San Jose",3,22
-121.89,37.34,4.051219512195119,"San Jose",3,23
-121.89,37.34,3.0499999999999963,"San Jose",4,0
-121.89,37.34,2.2749999999999972,"San Jose",4,1
-121.89,37.34,2.466666666666664,"San Jose",4,2
-121.89,37.34,1.8850000000000005,"San Jose",4,3
-121.89,37.34,1.5,"San Jose",4,4
-121.89,37.34,1.9399999999999982,"San Jose",4,5
-121.89,37.34,1.6700000000000004,"San Jose",4,6
-121.89,37.34,0.9558333333333343,"San Jose",4,7
-121.89,37.34,0.6666666666666667,"San Jose",4,8
-121.89,37.34,0.8993333333333319,"San Jose",4,9
-121.89,37.34,0.8390000000000011,"San Jose",4,10
-121.89,37.34,2.135499999999998,"San Jose",4,11
-121.89,37.34,1.083500000000001,"San Jose",4,12
-121.89,37.34,2.923333333333331,"San Jose",4,13
-121.89,37.34,4.28333333333333,"San Jose",4,14
-121.89,37.34,4.8999999999999995,"San Jose",4,15
-121.89,37.34,5.85166666666666,"San Jose",4,16
-121.89,37.34,5.46666666666667,"San Jose",4,17
-121.89,37.34,5.099999999999998,"San Jose",4,18
-121.89,37.34,4.6,"San Jose",4,19
